hi,X1,X2
1,0.995481773474831,0.799397473712142
2,0.499943894422083,-2.51295641025426
3,0.852506816615275,-1.92491117280989
4,0.269972168766509,-0.226412023230658
5,-0.119581521047798,1.05480886105164
6,-0.280694045168908,1.02026500276866
7,-0.713519878326208,-1.90966008162164
8,0.992335477885382,0.833858488027036
9,2.51164171903398,-1.19668957050982
10,-0.493611682873724,-0.559330272095745
